DATE,T10YIE
12/10/2009,2.09
12/11/2009,2.14
12/14/2009,2.19
12/15/2009,2.23
12/16/2009,2.27
12/17/2009,2.22
12/18/2009,2.24
12/21/2009,2.3
12/22/2009,2.33
12/23/2009,2.31
12/24/2009,2.32
12/25/2009,.
12/28/2009,2.35
12/29/2009,2.36
12/30/2009,2.36
12/31/2009,2.37
1/1/2010,.
1/4/2010,2.38
1/5/2010,2.34
1/6/2010,2.37
1/7/2010,2.41
1/8/2010,2.42
1/11/2010,2.38
1/12/2010,2.39
1/13/2010,2.37
1/14/2010,2.36
1/15/2010,2.36
1/18/2010,.
1/19/2010,2.38
1/20/2010,2.37
1/21/2010,2.33
1/22/2010,2.31
1/25/2010,2.33
1/26/2010,2.34
1/27/2010,2.31
1/28/2010,2.33
1/29/2010,2.33
2/1/2010,2.39
2/2/2010,2.41
2/3/2010,2.43
2/4/2010,2.35
2/5/2010,2.27
2/8/2010,2.27
2/9/2010,2.3
2/10/2010,2.28
2/11/2010,2.26
2/12/2010,2.23
2/15/2010,.
2/16/2010,2.24
2/17/2010,2.28
2/18/2010,2.31
2/19/2010,2.26
2/22/2010,2.25
2/23/2010,2.19
2/24/2010,2.19
2/25/2010,2.13
2/26/2010,2.13
3/1/2010,2.15
3/2/2010,2.16
3/3/2010,2.17
3/4/2010,2.17
3/5/2010,2.21
3/8/2010,2.23
3/9/2010,2.23
3/10/2010,2.24
3/11/2010,2.24
3/12/2010,2.26
3/15/2010,2.25
3/16/2010,2.24
3/17/2010,2.25
3/18/2010,2.23
3/19/2010,2.2
3/22/2010,2.19
3/23/2010,2.2
3/24/2010,2.24
3/25/2010,2.26
3/26/2010,2.24
3/29/2010,2.22
3/30/2010,2.22
3/31/2010,2.24
4/1/2010,2.28
4/2/2010,2.27
4/5/2010,2.31
4/6/2010,2.3
4/7/2010,2.34
4/8/2010,2.33
4/9/2010,2.34
4/12/2010,2.35
4/13/2010,2.34
4/14/2010,2.34
4/15/2010,2.37
4/16/2010,2.33
4/19/2010,2.34
4/20/2010,2.35
4/21/2010,2.35
4/22/2010,2.34
4/23/2010,2.37
4/26/2010,2.37
4/27/2010,2.34
4/28/2010,2.4
4/29/2010,2.45
4/30/2010,2.4
5/3/2010,2.4
5/4/2010,2.32
5/5/2010,2.28
5/6/2010,2.16
5/7/2010,2.15
5/10/2010,2.24
5/11/2010,2.25
5/12/2010,2.28
5/13/2010,2.27
5/14/2010,2.18
5/17/2010,2.16
5/18/2010,2.13
5/19/2010,2.04
5/20/2010,1.89
5/21/2010,1.87
5/24/2010,1.88
5/25/2010,1.85
5/26/2010,1.91
5/27/2010,2.01
5/28/2010,1.99
5/31/2010,.
6/1/2010,1.97
6/2/2010,1.99
6/3/2010,2.05
6/4/2010,1.94
6/7/2010,1.92
6/8/2010,1.89
6/9/2010,1.92
6/10/2010,1.98
6/11/2010,1.95
6/14/2010,1.97
6/15/2010,2
6/16/2010,1.99
6/17/2010,1.99
6/18/2010,1.99
6/21/2010,2.02
6/22/2010,1.98
6/23/2010,1.94
6/24/2010,1.91
6/25/2010,1.91
6/28/2010,1.88
6/29/2010,1.83
6/30/2010,1.82
7/1/2010,1.75
7/2/2010,1.73
7/5/2010,.
7/6/2010,1.69
7/7/2010,1.7
7/8/2010,1.79
7/9/2010,1.81
7/12/2010,1.82
7/13/2010,1.87
7/14/2010,1.84
7/15/2010,1.79
7/16/2010,1.71
7/19/2010,1.7
7/20/2010,1.7
7/21/2010,1.71
7/22/2010,1.75
7/23/2010,1.78
7/26/2010,1.79
7/27/2010,1.82
7/28/2010,1.81
7/29/2010,1.82
7/30/2010,1.8
8/2/2010,1.86
8/3/2010,1.87
8/4/2010,1.86
8/5/2010,1.87
8/6/2010,1.82
8/9/2010,1.82
8/10/2010,1.84
8/11/2010,1.77
8/12/2010,1.69
8/13/2010,1.68
8/16/2010,1.63
8/17/2010,1.63
8/18/2010,1.62
8/19/2010,1.56
8/20/2010,1.57
8/23/2010,1.55
8/24/2010,1.49
8/25/2010,1.53
8/26/2010,1.55
8/27/2010,1.61
8/30/2010,1.55
8/31/2010,1.52
9/1/2010,1.56
9/2/2010,1.58
9/3/2010,1.62
9/6/2010,.
9/7/2010,1.63
9/8/2010,1.64
9/9/2010,1.72
9/10/2010,1.79
9/13/2010,1.8
9/14/2010,1.75
9/15/2010,1.77
9/16/2010,1.77
9/17/2010,1.75
9/20/2010,1.78
9/21/2010,1.83
9/22/2010,1.82
9/23/2010,1.79
9/24/2010,1.81
9/27/2010,1.75
9/28/2010,1.79
9/29/2010,1.78
9/30/2010,1.78
10/1/2010,1.79
10/4/2010,1.78
10/5/2010,1.85
10/6/2010,1.89
10/7/2010,1.88
10/8/2010,1.96
10/11/2010,.
10/12/2010,1.95
10/13/2010,2.02
10/14/2010,2.11
10/15/2010,2.09
10/18/2010,2.05
10/19/2010,2.06
10/20/2010,2.04
10/21/2010,2.07
10/22/2010,2.09
10/25/2010,2.14
10/26/2010,2.15
10/27/2010,2.13
10/28/2010,2.12
10/29/2010,2.13
11/1/2010,2.17
11/2/2010,2.14
11/3/2010,2.17
11/4/2010,2.09
11/5/2010,2.1
11/8/2010,2.12
11/9/2010,2.14
11/10/2010,2.09
11/11/2010,.
11/12/2010,2.05
11/15/2010,2.05
11/16/2010,1.98
11/17/2010,2.05
11/18/2010,2.07
11/19/2010,2.11
11/22/2010,2.1
11/23/2010,2.08
11/24/2010,2.13
11/25/2010,.
11/26/2010,2.12
11/29/2010,2.11
11/30/2010,2.07
12/1/2010,2.14
12/2/2010,2.17
12/3/2010,2.17
12/6/2010,2.16
12/7/2010,2.23
12/8/2010,2.19
12/9/2010,2.14
12/10/2010,2.16
12/13/2010,2.18
12/14/2010,2.22
12/15/2010,2.31
12/16/2010,2.32
12/17/2010,2.28
12/20/2010,2.29
12/21/2010,2.29
12/22/2010,2.33
12/23/2010,2.33
12/24/2010,.
12/27/2010,2.3
12/28/2010,2.33
12/29/2010,2.29
12/30/2010,2.3
12/31/2010,2.3
1/3/2011,2.31
1/4/2011,2.35
1/5/2011,2.42
1/6/2011,2.41
1/7/2011,2.36
1/10/2011,2.36
1/11/2011,2.4
1/12/2011,2.42
1/13/2011,2.37
1/14/2011,2.35
1/17/2011,.
1/18/2011,2.4
1/19/2011,2.38
1/20/2011,2.25
1/21/2011,2.24
1/24/2011,2.25
1/25/2011,2.24
1/26/2011,2.29
1/27/2011,2.26
1/28/2011,2.27
1/31/2011,2.34
2/1/2011,2.37
2/2/2011,2.36
2/3/2011,2.35
2/4/2011,2.38
2/7/2011,2.36
2/8/2011,2.36
2/9/2011,2.31
2/10/2011,2.31
2/11/2011,2.28
2/14/2011,2.28
2/15/2011,2.28
2/16/2011,2.25
2/17/2011,2.27
2/18/2011,2.34
2/21/2011,.
2/22/2011,2.34
2/23/2011,2.39
2/24/2011,2.41
2/25/2011,2.4
2/28/2011,2.39
3/1/2011,2.41
3/2/2011,2.45
3/3/2011,2.49
3/4/2011,2.49
3/7/2011,2.51
3/8/2011,2.55
3/9/2011,2.5
3/10/2011,2.46
3/11/2011,2.44
3/14/2011,2.43
3/15/2011,2.4
3/16/2011,2.37
3/17/2011,2.43
3/18/2011,2.43
3/21/2011,2.44
3/22/2011,2.39
3/23/2011,2.38
3/24/2011,2.47
3/25/2011,2.44
3/28/2011,2.46
3/29/2011,2.47
3/30/2011,2.47
3/31/2011,2.48
4/1/2011,2.52
4/4/2011,2.54
4/5/2011,2.56
4/6/2011,2.57
4/7/2011,2.59
4/8/2011,2.64
4/11/2011,2.63
4/12/2011,2.62
4/13/2011,2.61
4/14/2011,2.62
4/15/2011,2.61
4/18/2011,2.6
4/19/2011,2.63
4/20/2011,2.61
4/21/2011,2.59
4/22/2011,.
4/25/2011,2.6
4/26/2011,2.58
4/27/2011,2.58
4/28/2011,2.56
4/29/2011,2.57
5/2/2011,2.56
5/3/2011,2.55
5/4/2011,2.55
5/5/2011,2.48
5/6/2011,2.48
5/9/2011,2.48
5/10/2011,2.49
5/11/2011,2.43
5/12/2011,2.43
5/13/2011,2.39
5/16/2011,2.34
5/17/2011,2.3
5/18/2011,2.36
5/19/2011,2.26
5/20/2011,2.3
5/23/2011,2.29
5/24/2011,2.33
5/25/2011,2.33
5/26/2011,2.31
5/27/2011,2.28
5/30/2011,.
5/31/2011,2.25
6/1/2011,2.22
6/2/2011,2.26
6/3/2011,2.24
6/6/2011,2.25
6/7/2011,2.25
6/8/2011,2.22
6/9/2011,2.21
6/10/2011,2.2
6/13/2011,2.2
6/14/2011,2.28
6/15/2011,2.24
6/16/2011,2.2
6/17/2011,2.19
6/20/2011,2.18
6/21/2011,2.21
6/22/2011,2.19
6/23/2011,2.22
6/24/2011,2.24
6/27/2011,2.28
6/28/2011,2.32
6/29/2011,2.4
6/30/2011,2.43
7/1/2011,2.45
7/4/2011,.
7/5/2011,2.39
7/6/2011,2.38
7/7/2011,2.42
7/8/2011,2.34
7/11/2011,2.31
7/12/2011,2.32
7/13/2011,2.33
7/14/2011,2.3
7/15/2011,2.33
7/18/2011,2.36
7/19/2011,2.37
7/20/2011,2.34
7/21/2011,2.35
7/22/2011,2.38
7/25/2011,2.45
7/26/2011,2.42
7/27/2011,2.45
7/28/2011,2.46
7/29/2011,2.44
8/1/2011,2.44
8/2/2011,2.37
8/3/2011,2.28
8/4/2011,2.23
8/5/2011,2.26
8/8/2011,2.2
8/9/2011,2.2
8/10/2011,2.3
8/11/2011,2.28
8/12/2011,2.26
8/15/2011,2.23
8/16/2011,2.18
8/17/2011,2.16
8/18/2011,1.99
8/19/2011,2.05
8/22/2011,2.07
8/23/2011,2.02
8/24/2011,2.04
8/25/2011,2.1
8/26/2011,2.04
8/29/2011,2.06
8/30/2011,2.05
8/31/2011,2.05
9/1/2011,2.08
9/2/2011,2.02
9/5/2011,.
9/6/2011,1.93
9/7/2011,1.96
9/8/2011,2
9/9/2011,1.96
9/12/2011,1.94
9/13/2011,1.93
9/14/2011,1.91
9/15/2011,1.96
9/16/2011,1.95
9/19/2011,1.88
9/20/2011,1.91
9/21/2011,1.86
9/22/2011,1.71
9/23/2011,1.74
9/26/2011,1.79
9/27/2011,1.88
9/28/2011,1.87
9/29/2011,1.82
9/30/2011,1.75
10/3/2011,1.73
10/4/2011,1.76
10/5/2011,1.8
10/6/2011,1.88
10/7/2011,1.94
10/10/2011,.
10/11/2011,1.95
10/12/2011,1.98
10/13/2011,1.92
10/14/2011,1.98
10/17/2011,1.94
10/18/2011,1.97
10/19/2011,1.95
10/20/2011,1.98
10/21/2011,2
10/24/2011,2.02
10/25/2011,2.02
10/26/2011,2.08
10/27/2011,2.18
10/28/2011,2.15
10/31/2011,2.09
11/1/2011,2.05
11/2/2011,2.1
11/3/2011,2.09
11/4/2011,2.12
11/7/2011,2.14
11/8/2011,2.13
11/9/2011,2.04
11/10/2011,2.08
11/11/2011,.
11/14/2011,2.05
11/15/2011,2.02
11/16/2011,1.96
11/17/2011,1.9
11/18/2011,1.96
11/21/2011,1.9
11/22/2011,1.89
11/23/2011,1.9
11/24/2011,.
11/25/2011,1.92
11/28/2011,1.95
11/29/2011,1.99
11/30/2011,2.05
12/1/2011,2.05
12/2/2011,2.05
12/5/2011,2.05
12/6/2011,2.07
12/7/2011,2.03
12/8/2011,1.98
12/9/2011,2.02
12/12/2011,2.04
12/13/2011,2.01
12/14/2011,1.96
12/15/2011,1.93
12/16/2011,1.91
12/19/2011,1.94
12/20/2011,2.04
12/21/2011,2.05
12/22/2011,2.04
12/23/2011,2.07
12/26/2011,.
12/27/2011,2.04
12/28/2011,2
12/29/2011,1.96
12/30/2011,1.96
1/2/2012,.
1/3/2012,2.01
1/4/2012,2.08
1/5/2012,2.12
1/6/2012,2.09
1/9/2012,2.11
1/10/2012,2.08
1/11/2012,2.03
1/12/2012,2.04
1/13/2012,2.03
1/16/2012,.
1/17/2012,2.04
1/18/2012,2.07
1/19/2012,2.01
1/20/2012,2.04
1/23/2012,2.07
1/24/2012,2.09
1/25/2012,2.13
1/26/2012,2.12
1/27/2012,2.11
1/30/2012,2.11
1/31/2012,2.11
2/1/2012,2.15
2/2/2012,2.16
2/3/2012,2.18
2/6/2012,2.19
2/7/2012,2.21
2/8/2012,2.22
2/9/2012,2.21
2/10/2012,2.2
2/13/2012,2.21
2/14/2012,2.19
2/15/2012,2.19
2/16/2012,2.23
2/17/2012,2.24
2/20/2012,.
2/21/2012,2.27
2/22/2012,2.28
2/23/2012,2.29
2/24/2012,2.27
2/27/2012,2.24
2/28/2012,2.25
2/29/2012,2.26
3/1/2012,2.26
3/2/2012,2.23
3/5/2012,2.2
3/6/2012,2.17
3/7/2012,2.2
3/8/2012,2.24
3/9/2012,2.28
3/12/2012,2.28
3/13/2012,2.34
3/14/2012,2.36
3/15/2012,2.37
3/16/2012,2.4
3/19/2012,2.42
3/20/2012,2.42
3/21/2012,2.39
3/22/2012,2.37
3/23/2012,2.36
3/26/2012,2.34
3/27/2012,2.33
3/28/2012,2.32
3/29/2012,2.31
3/30/2012,2.32
4/2/2012,2.36
4/3/2012,2.36
4/4/2012,2.3
4/5/2012,2.27
4/6/2012,2.23
4/9/2012,2.23
4/10/2012,2.25
4/11/2012,2.3
4/12/2012,2.3
4/13/2012,2.27
4/16/2012,2.26
4/17/2012,2.29
4/18/2012,2.26
4/19/2012,2.19
4/20/2012,2.23
4/23/2012,2.22
4/24/2012,2.25
4/25/2012,2.25
4/26/2012,2.27
4/27/2012,2.26
4/30/2012,2.25
5/1/2012,2.26
5/2/2012,2.24
5/3/2012,2.23
5/4/2012,2.21
5/7/2012,2.19
5/8/2012,2.16
5/9/2012,2.14
5/10/2012,2.14
5/11/2012,2.12
5/14/2012,2.11
5/15/2012,2.12
5/16/2012,2.09
5/17/2012,2.05
5/18/2012,2.1
5/21/2012,2.16
5/22/2012,2.17
5/23/2012,2.14
5/24/2012,2.14
5/25/2012,2.13
5/28/2012,.
5/29/2012,2.11
5/30/2012,2.08
5/31/2012,2.09
6/1/2012,2.06
6/4/2012,2.09
6/5/2012,2.13
6/6/2012,2.16
6/7/2012,2.15
6/8/2012,2.15
6/11/2012,2.13
6/12/2012,2.15
6/13/2012,2.12
6/14/2012,2.11
6/15/2012,2.14
6/18/2012,2.13
6/19/2012,2.17
6/20/2012,2.16
6/21/2012,2.1
6/22/2012,2.11
6/25/2012,2.1
6/26/2012,2.11
6/27/2012,2.1
6/28/2012,2.08
6/29/2012,2.13
7/2/2012,2.11
7/3/2012,2.13
7/4/2012,.
7/5/2012,2.13
7/6/2012,2.1
7/9/2012,2.1
7/10/2012,2.12
7/11/2012,2.11
7/12/2012,2.08
7/13/2012,2.11
7/16/2012,2.11
7/17/2012,2.12
7/18/2012,2.12
7/19/2012,2.16
7/20/2012,2.16
7/23/2012,2.15
7/24/2012,2.12
7/25/2012,2.1
7/26/2012,2.11
7/27/2012,2.19
7/30/2012,2.17
7/31/2012,2.2
8/1/2012,2.23
8/2/2012,2.2
8/3/2012,2.26
8/6/2012,2.27
8/7/2012,2.31
8/8/2012,2.29
8/9/2012,2.27
8/10/2012,2.25
8/13/2012,2.23
8/14/2012,2.26
8/15/2012,2.25
8/16/2012,2.25
8/17/2012,2.24
8/20/2012,2.25
8/21/2012,2.25
8/22/2012,2.26
8/23/2012,2.3
8/24/2012,2.28
8/27/2012,2.29
8/28/2012,2.32
8/29/2012,2.3
8/30/2012,2.26
8/31/2012,2.25
9/3/2012,.
9/4/2012,2.27
9/5/2012,2.29
9/6/2012,2.31
9/7/2012,2.35
9/10/2012,2.36
9/11/2012,2.38
9/12/2012,2.38
9/13/2012,2.47
9/14/2012,2.64
9/17/2012,2.59
9/18/2012,2.55
9/19/2012,2.54
9/20/2012,2.5
9/21/2012,2.48
9/24/2012,2.47
9/25/2012,2.44
9/26/2012,2.41
9/27/2012,2.44
9/28/2012,2.42
10/1/2012,2.42
10/2/2012,2.47
10/3/2012,2.47
10/4/2012,2.56
10/5/2012,2.57
10/8/2012,.
10/9/2012,2.55
10/10/2012,2.52
10/11/2012,2.47
10/12/2012,2.47
10/15/2012,2.48
10/16/2012,2.46
10/17/2012,2.48
10/18/2012,2.52
10/19/2012,2.5
10/22/2012,2.53
10/23/2012,2.5
10/24/2012,2.49
10/25/2012,2.49
10/26/2012,2.47
10/29/2012,2.47
10/30/2012,.
10/31/2012,2.5
11/1/2012,2.52
11/2/2012,2.48
11/5/2012,2.47
11/6/2012,2.5
11/7/2012,2.48
11/8/2012,2.47
11/9/2012,2.44
11/12/2012,.
11/13/2012,2.43
11/14/2012,2.4
11/15/2012,2.38
11/16/2012,2.39
11/19/2012,2.39
11/20/2012,2.4
11/21/2012,2.4
11/22/2012,.
11/23/2012,2.42
11/26/2012,2.39
11/27/2012,2.38
11/28/2012,2.38
11/29/2012,2.4
11/30/2012,2.41
12/3/2012,2.44
12/4/2012,2.45
12/5/2012,2.45
12/6/2012,2.46
12/7/2012,2.5
12/10/2012,2.5
12/11/2012,2.5
12/12/2012,2.51
12/13/2012,2.47
12/14/2012,2.46
12/17/2012,2.48
12/18/2012,2.51
12/19/2012,2.48
12/20/2012,2.5
12/21/2012,2.48
12/24/2012,2.48
12/25/2012,.
12/26/2012,2.48
12/27/2012,2.47
12/28/2012,2.46
12/31/2012,2.45
1/1/2013,.
1/2/2013,2.48
1/3/2013,2.46
1/4/2013,2.48
1/7/2013,2.52
1/8/2013,2.49
1/9/2013,2.52
1/10/2013,2.53
1/11/2013,2.52
1/14/2013,2.55
1/15/2013,2.52
1/16/2013,2.49
1/17/2013,2.53
1/18/2013,2.53
1/21/2013,.
1/22/2013,2.54
1/23/2013,2.52
1/24/2013,2.5
1/25/2013,2.54
1/28/2013,2.55
1/29/2013,2.56
1/30/2013,2.57
1/31/2013,2.59
2/1/2013,2.59
2/4/2013,2.59
2/5/2013,2.59
2/6/2013,2.58
2/7/2013,2.57
2/8/2013,2.56
2/11/2013,2.57
2/12/2013,2.59
2/13/2013,2.59
2/14/2013,2.56
2/15/2013,2.54
2/18/2013,.
2/19/2013,2.55
2/20/2013,2.54
2/21/2013,2.53
2/22/2013,2.54
2/25/2013,2.5
2/26/2013,2.5
2/27/2013,2.52
2/28/2013,2.53
3/1/2013,2.53
3/4/2013,2.53
3/5/2013,2.55
3/6/2013,2.56
3/7/2013,2.56
3/8/2013,2.56
3/11/2013,2.57
3/12/2013,2.55
3/13/2013,2.56
3/14/2013,2.57
3/15/2013,2.56
3/18/2013,2.56
3/19/2013,2.53
3/20/2013,2.53
3/21/2013,2.52
3/22/2013,2.53
3/25/2013,2.53
3/26/2013,2.53
3/27/2013,2.51
3/28/2013,2.51
3/29/2013,.
4/1/2013,2.51
4/2/2013,2.51
4/3/2013,2.48
4/4/2013,2.48
4/5/2013,2.46
4/8/2013,2.45
4/9/2013,2.45
4/10/2013,2.44
4/11/2013,2.47
4/12/2013,2.43
4/15/2013,2.41
4/16/2013,2.4
4/17/2013,2.37
4/18/2013,2.27
4/19/2013,2.32
4/22/2013,2.35
4/23/2013,2.38
4/24/2013,2.38
4/25/2013,2.4
4/26/2013,2.38
4/29/2013,2.37
4/30/2013,2.34
5/1/2013,2.3
5/2/2013,2.28
5/3/2013,2.31
5/6/2013,2.31
5/7/2013,2.32
5/8/2013,2.29
5/9/2013,2.31
5/10/2013,2.35
5/13/2013,2.33
5/14/2013,2.33
5/15/2013,2.3
5/16/2013,2.27
5/17/2013,2.26
5/20/2013,2.28
5/21/2013,2.28
5/22/2013,2.27
5/23/2013,2.26
5/24/2013,2.27
5/27/2013,.
5/28/2013,2.29
5/29/2013,2.23
5/30/2013,2.18
5/31/2013,2.21
6/3/2013,2.2
6/4/2013,2.19
6/5/2013,2.16
6/6/2013,2.13
6/7/2013,2.14
6/10/2013,2.11
6/11/2013,2.07
6/12/2013,2.04
6/13/2013,2.04
6/14/2013,2.05
6/17/2013,2.04
6/18/2013,2.06
6/19/2013,2.04
6/20/2013,1.95
6/21/2013,1.93
6/24/2013,1.93
6/25/2013,1.96
6/26/2013,1.95
6/27/2013,1.99
6/28/2013,1.99
7/1/2013,2.02
7/2/2013,2.04
7/3/2013,2.04
7/4/2013,.
7/5/2013,2.07
7/8/2013,2.07
7/9/2013,2.06
7/10/2013,2.06
7/11/2013,2.04
7/12/2013,2.06
7/15/2013,2.1
7/16/2013,2.14
7/17/2013,2.14
7/18/2013,2.18
7/19/2013,2.21
7/22/2013,2.22
7/23/2013,2.2
7/24/2013,2.17
7/25/2013,2.17
7/26/2013,2.15
7/29/2013,2.16
7/30/2013,2.17
7/31/2013,2.22
8/1/2013,2.26
8/2/2013,2.21
8/5/2013,2.25
8/6/2013,2.28
8/7/2013,2.26
8/8/2013,2.24
8/9/2013,2.24
8/12/2013,2.24
8/13/2013,2.23
8/14/2013,2.21
8/15/2013,2.17
8/16/2013,2.16
8/19/2013,2.13
8/20/2013,2.15
8/21/2013,2.14
8/22/2013,2.11
8/23/2013,2.13
8/26/2013,2.15
8/27/2013,2.15
8/28/2013,2.15
8/29/2013,2.1
8/30/2013,2.1
9/2/2013,.
9/3/2013,2.1
9/4/2013,2.07
9/5/2013,2.06
9/6/2013,2.07
9/9/2013,2.06
9/10/2013,2.1
9/11/2013,2.13
9/12/2013,2.11
9/13/2013,2.1
9/16/2013,2.12
9/17/2013,2.16
9/18/2013,2.2
9/19/2013,2.21
9/20/2013,2.23
9/23/2013,2.26
9/24/2013,2.19
9/25/2013,2.18
9/26/2013,2.19
9/27/2013,2.18
9/30/2013,2.19
10/1/2013,2.2
10/2/2013,2.2
10/3/2013,2.19
10/4/2013,2.2
10/7/2013,2.2
10/8/2013,2.18
10/9/2013,2.21
10/10/2013,2.21
10/11/2013,2.2
10/14/2013,.
10/15/2013,2.21
10/16/2013,2.19
10/17/2013,2.16
10/18/2013,2.18
10/21/2013,2.19
10/22/2013,2.17
10/23/2013,2.15
10/24/2013,2.17
10/25/2013,2.19
10/28/2013,2.19
10/29/2013,2.18
10/30/2013,2.18
10/31/2013,2.17
11/1/2013,2.15
11/4/2013,2.13
11/5/2013,2.14
11/6/2013,2.19
11/7/2013,2.17
11/8/2013,2.18
11/11/2013,.
11/12/2013,2.18
11/13/2013,2.17
11/14/2013,2.18
11/15/2013,2.18
11/18/2013,2.19
11/19/2013,2.18
11/20/2013,2.16
11/21/2013,2.19
11/22/2013,2.19
11/25/2013,2.18
11/26/2013,2.17
11/27/2013,2.16
11/28/2013,.
11/29/2013,2.15
12/2/2013,2.15
12/3/2013,2.15
12/4/2013,2.11
12/5/2013,2.12
12/6/2013,2.11
12/9/2013,2.12
12/10/2013,2.12
12/11/2013,2.15
12/12/2013,2.14
12/13/2013,2.16
12/16/2013,2.18
12/17/2013,2.18
12/18/2013,2.17
12/19/2013,2.15
12/20/2013,2.16
12/23/2013,2.18
12/24/2013,2.19
12/25/2013,.
12/26/2013,2.2
12/27/2013,2.22
12/30/2013,2.23
12/31/2013,2.24
1/1/2014,.
1/2/2014,2.26
1/3/2014,2.26
1/6/2014,2.26
1/7/2014,2.26
1/8/2014,2.29
1/9/2014,2.31
1/10/2014,2.29
1/13/2014,2.27
1/14/2014,2.26
1/15/2014,2.28
1/16/2014,2.25
1/17/2014,2.26
1/20/2014,.
1/21/2014,2.26
1/22/2014,2.25
1/23/2014,2.13
1/24/2014,2.14
1/27/2014,2.14
1/28/2014,2.15
1/29/2014,2.14
1/30/2014,2.15
1/31/2014,2.14
2/3/2014,2.14
2/4/2014,2.13
2/5/2014,2.14
2/6/2014,2.16
2/7/2014,2.18
2/10/2014,2.19
2/11/2014,2.19
2/12/2014,2.21
2/13/2014,2.17
2/14/2014,2.16
2/17/2014,.
2/18/2014,2.14
2/19/2014,2.13
2/20/2014,2.13
2/21/2014,2.12
2/24/2014,2.16
2/25/2014,2.15
2/26/2014,2.16
2/27/2014,2.16
2/28/2014,2.17
3/3/2014,2.16
3/4/2014,2.18
3/5/2014,2.18
3/6/2014,2.21
3/7/2014,2.23
3/10/2014,2.22
3/11/2014,2.2
3/12/2014,2.19
3/13/2014,2.17
3/14/2014,2.17
3/17/2014,2.18
3/18/2014,2.18
3/19/2014,2.16
3/20/2014,2.13
3/21/2014,2.14
3/24/2014,2.15
3/25/2014,2.14
3/26/2014,2.14
3/27/2014,2.13
3/28/2014,2.13
3/31/2014,2.13
4/1/2014,2.14
4/2/2014,2.14
4/3/2014,2.14
4/4/2014,2.13
4/7/2014,2.12
4/8/2014,2.11
4/9/2014,2.14
4/10/2014,2.14
4/11/2014,2.13
4/14/2014,2.13
4/15/2014,2.14
4/16/2014,2.17
4/17/2014,2.21
4/18/2014,.
4/21/2014,2.2
4/22/2014,2.21
4/23/2014,2.21
4/24/2014,2.21
4/25/2014,2.2
4/28/2014,2.18
4/29/2014,2.18
4/30/2014,2.18
5/1/2014,2.2
5/2/2014,2.19
5/5/2014,2.18
5/6/2014,2.16
5/7/2014,2.2
5/8/2014,2.19
5/9/2014,2.18
5/12/2014,2.18
5/13/2014,2.16
5/14/2014,2.17
5/15/2014,2.19
5/16/2014,2.18
5/19/2014,2.17
5/20/2014,2.17
5/21/2014,2.18
5/22/2014,2.21
5/23/2014,2.22
5/26/2014,.
5/27/2014,2.21
5/28/2014,2.22
5/29/2014,2.23
5/30/2014,2.22
6/2/2014,2.22
6/3/2014,2.19
6/4/2014,2.17
6/5/2014,2.18
6/6/2014,2.2
6/9/2014,2.21
6/10/2014,2.21
6/11/2014,2.22
6/12/2014,2.19
6/13/2014,2.19
6/16/2014,2.2
6/17/2014,2.23
6/18/2014,2.23
6/19/2014,2.25
6/20/2014,2.28
6/23/2014,2.28
6/24/2014,2.28
6/25/2014,2.28
6/26/2014,2.27
6/27/2014,2.27
6/30/2014,2.26
7/1/2014,2.26
7/2/2014,2.26
7/3/2014,2.28
7/4/2014,.
7/7/2014,2.27
7/8/2014,2.27
7/9/2014,2.29
7/10/2014,2.28
7/11/2014,2.28
7/14/2014,2.27
7/15/2014,2.25
7/16/2014,2.23
7/17/2014,2.23
7/18/2014,2.24
7/21/2014,2.24
7/22/2014,2.23
7/23/2014,2.23
7/24/2014,2.27
7/25/2014,2.28
7/28/2014,2.28
7/29/2014,2.27
7/30/2014,2.28
7/31/2014,2.29
8/1/2014,2.27
8/4/2014,2.25
8/5/2014,2.24
8/6/2014,2.25
8/7/2014,2.24
8/8/2014,2.25
8/11/2014,2.25
8/12/2014,2.24
8/13/2014,2.23
8/14/2014,2.21
8/15/2014,2.18
8/18/2014,2.18
8/19/2014,2.17
8/20/2014,2.17
8/21/2014,2.17
8/22/2014,2.14
8/25/2014,2.15
8/26/2014,2.14
8/27/2014,2.14
8/28/2014,2.13
8/29/2014,2.12
9/1/2014,.
9/2/2014,2.15
9/3/2014,2.17
9/4/2014,2.17
9/5/2014,2.15
9/8/2014,2.13
9/9/2014,2.11
9/10/2014,2.1
9/11/2014,2.12
9/12/2014,2.13
9/15/2014,2.13
9/16/2014,2.12
9/17/2014,2.06
9/18/2014,2.02
9/19/2014,2.03
9/22/2014,1.99
9/23/2014,2.02
9/24/2014,2.03
9/25/2014,2.02
9/26/2014,1.97
9/29/2014,1.95
9/30/2014,1.97
10/1/2014,1.96
10/2/2014,1.95
10/3/2014,1.93
10/6/2014,1.93
10/7/2014,1.92
10/8/2014,1.96
10/9/2014,1.97
10/10/2014,1.96
10/13/2014,.
10/14/2014,1.92
10/15/2014,1.86
10/16/2014,1.89
10/17/2014,1.92
10/20/2014,1.91
10/21/2014,1.9
10/22/2014,1.91
10/23/2014,1.91
10/24/2014,1.9
10/27/2014,1.89
10/28/2014,1.91
10/29/2014,1.92
10/30/2014,1.9
10/31/2014,1.92
11/3/2014,1.93
11/4/2014,1.92
11/5/2014,1.93
11/6/2014,1.94
11/7/2014,1.94
11/10/2014,1.94
11/11/2014,.
11/12/2014,1.91
11/13/2014,1.88
11/14/2014,1.89
11/17/2014,1.86
11/18/2014,1.84
11/19/2014,1.83
11/20/2014,1.85
11/21/2014,1.86
11/24/2014,1.86
11/25/2014,1.85
11/26/2014,1.82
11/27/2014,.
11/28/2014,1.79
12/1/2014,1.79
12/2/2014,1.77
12/3/2014,1.79
12/4/2014,1.77
12/5/2014,1.75
12/8/2014,1.71
12/9/2014,1.73
12/10/2014,1.71
12/11/2014,1.7
12/12/2014,1.64
12/15/2014,1.62
12/16/2014,1.65
12/17/2014,1.65
12/18/2014,1.65
12/19/2014,1.68
12/22/2014,1.7
12/23/2014,1.7
12/24/2014,1.68
12/25/2014,.
12/26/2014,1.67
12/29/2014,1.65
12/30/2014,1.64
12/31/2014,1.68
1/1/2015,.
1/2/2015,1.71
1/5/2015,1.64
1/6/2015,1.56
1/7/2015,1.57
1/8/2015,1.62
1/9/2015,1.62
1/12/2015,1.57
1/13/2015,1.54
1/14/2015,1.57
1/15/2015,1.58
1/16/2015,1.6
1/19/2015,.
1/20/2015,1.59
1/21/2015,1.61
1/22/2015,1.61
1/23/2015,1.6
1/26/2015,1.61
1/27/2015,1.66
1/28/2015,1.61
1/29/2015,1.62
1/30/2015,1.65
2/2/2015,1.65
2/3/2015,1.7
2/4/2015,1.71
2/5/2015,1.7
2/6/2015,1.71
2/9/2015,1.71
2/10/2015,1.7
2/11/2015,1.68
2/12/2015,1.66
2/13/2015,1.68
2/16/2015,.
2/17/2015,1.71
2/18/2015,1.71
2/19/2015,1.74
2/20/2015,1.75
2/23/2015,1.72
2/24/2015,1.72
2/25/2015,1.72
2/26/2015,1.79
2/27/2015,1.83
3/2/2015,1.83
3/3/2015,1.86
3/4/2015,1.87
3/5/2015,1.84
3/6/2015,1.83
3/9/2015,1.76
3/10/2015,1.73
3/11/2015,1.72
3/12/2015,1.71
3/13/2015,1.69
3/16/2015,1.65
3/17/2015,1.64
3/18/2015,1.7
3/19/2015,1.79
3/20/2015,1.76
3/23/2015,1.75
3/24/2015,1.77
3/25/2015,1.81
3/26/2015,1.8
3/27/2015,1.76
3/30/2015,1.73
3/31/2015,1.76
4/1/2015,1.8
4/2/2015,1.81
4/3/2015,1.83
4/6/2015,1.85
4/7/2015,1.85
4/8/2015,1.84
4/9/2015,1.84
4/10/2015,1.82
4/13/2015,1.8
4/14/2015,1.8
4/15/2015,1.84
4/16/2015,1.85
4/17/2015,1.89
4/20/2015,1.89
4/21/2015,1.86
4/22/2015,1.87
4/23/2015,1.89
4/24/2015,1.89
4/27/2015,1.91
4/28/2015,1.89
4/29/2015,1.92
4/30/2015,1.94
5/1/2015,1.94
5/4/2015,1.92
5/5/2015,1.94
5/6/2015,1.91
5/7/2015,1.88
5/8/2015,1.88
5/11/2015,1.88
5/12/2015,1.88
5/13/2015,1.86
5/14/2015,1.87
5/15/2015,1.83
5/18/2015,1.86
5/19/2015,1.85
5/20/2015,1.88
5/21/2015,1.84
5/22/2015,1.87
5/25/2015,.
5/26/2015,1.82
5/27/2015,1.8
5/28/2015,1.8
5/29/2015,1.8
6/1/2015,1.8
6/2/2015,1.83
6/3/2015,1.83
6/4/2015,1.81
6/5/2015,1.86
6/8/2015,1.85
6/9/2015,1.86
6/10/2015,1.87
6/11/2015,1.83
6/12/2015,1.84
6/15/2015,1.85
6/16/2015,1.88
6/17/2015,1.9
6/18/2015,1.89
6/19/2015,1.86
6/22/2015,1.9
6/23/2015,1.92
6/24/2015,1.9
6/25/2015,1.91
6/26/2015,1.92
6/29/2015,1.87
6/30/2015,1.87
7/1/2015,1.89
7/2/2015,1.91
7/3/2015,.
7/6/2015,1.87
7/7/2015,1.87
7/8/2015,1.83
7/9/2015,1.85
7/10/2015,1.87
7/13/2015,1.86
7/14/2015,1.85
7/15/2015,1.84
7/16/2015,1.84
7/17/2015,1.83
7/20/2015,1.82
7/21/2015,1.82
7/22/2015,1.8
7/23/2015,1.79
7/24/2015,1.76
7/27/2015,1.73
7/28/2015,1.75
7/29/2015,1.77
7/30/2015,1.77
7/31/2015,1.74
8/3/2015,1.7
8/4/2015,1.71
8/5/2015,1.7
8/6/2015,1.67
8/7/2015,1.66
8/10/2015,1.69
8/11/2015,1.66
8/12/2015,1.62
8/13/2015,1.62
8/14/2015,1.62
8/17/2015,1.58
8/18/2015,1.58
8/19/2015,1.57
8/20/2015,1.56
8/21/2015,1.53
8/24/2015,1.49
8/25/2015,1.53
8/26/2015,1.53
8/27/2015,1.58
8/28/2015,1.61
8/31/2015,1.63
9/1/2015,1.57
9/2/2015,1.56
9/3/2015,1.54
9/4/2015,1.51
9/7/2015,.
9/8/2015,1.53
9/9/2015,1.56
9/10/2015,1.59
9/11/2015,1.59
9/14/2015,1.56
9/15/2015,1.56
9/16/2015,1.57
9/17/2015,1.58
9/18/2015,1.55
9/21/2015,1.54
9/22/2015,1.51
9/23/2015,1.52
9/24/2015,1.49
9/25/2015,1.46
9/28/2015,1.39
9/29/2015,1.39
9/30/2015,1.41
10/1/2015,1.46
10/2/2015,1.48
10/5/2015,1.51
10/6/2015,1.52
10/7/2015,1.55
10/8/2015,1.58
10/9/2015,1.54
10/12/2015,.
10/13/2015,1.52
10/14/2015,1.49
10/15/2015,1.5
10/16/2015,1.48
10/19/2015,1.45
10/20/2015,1.48
10/21/2015,1.45
10/22/2015,1.47
10/23/2015,1.51
10/26/2015,1.48
10/27/2015,1.48
10/28/2015,1.47
10/29/2015,1.52
10/30/2015,1.53
11/2/2015,1.55
11/3/2015,1.58
11/4/2015,1.57
11/5/2015,1.55
11/6/2015,1.59
11/9/2015,1.6
11/10/2015,1.55
11/11/2015,.
11/12/2015,1.54
11/13/2015,1.52
11/16/2015,1.51
11/17/2015,1.53
11/18/2015,1.56
11/19/2015,1.56
11/20/2015,1.6
11/23/2015,1.61
11/24/2015,1.62
11/25/2015,1.61
11/26/2015,.
11/27/2015,1.6
11/30/2015,1.59
12/1/2015,1.57
12/2/2015,1.56
12/3/2015,1.61
12/4/2015,1.6
12/7/2015,1.56
12/8/2015,1.56
12/9/2015,1.53
12/10/2015,1.51
12/11/2015,1.46
12/14/2015,1.45
12/15/2015,1.48
12/16/2015,1.46
12/17/2015,1.47
12/18/2015,1.46
12/21/2015,1.45
12/22/2015,1.46
12/23/2015,1.51
12/24/2015,1.52
12/25/2015,.
12/28/2015,1.5
12/29/2015,1.53
12/30/2015,1.54
12/31/2015,1.54
1/1/2016,.
1/4/2016,1.55
1/5/2016,1.56
1/6/2016,1.53
1/7/2016,1.5
1/8/2016,1.48
1/11/2016,1.45
1/12/2016,1.43
1/13/2016,1.43
1/14/2016,1.43
1/15/2016,1.36
1/18/2016,.
1/19/2016,1.38
1/20/2016,1.32
1/21/2016,1.28
1/22/2016,1.35
1/25/2016,1.34
1/26/2016,1.36
1/27/2016,1.4
1/28/2016,1.42
1/29/2016,1.41
2/1/2016,1.4
2/2/2016,1.36
2/3/2016,1.38
2/4/2016,1.36
2/5/2016,1.33
2/8/2016,1.23
2/9/2016,1.21
2/10/2016,1.21
2/11/2016,1.18
2/12/2016,1.25
2/15/2016,.
2/16/2016,1.25
2/17/2016,1.28
2/18/2016,1.24
2/19/2016,1.26
2/22/2016,1.31
2/23/2016,1.32
2/24/2016,1.36
2/25/2016,1.39
2/26/2016,1.41
2/29/2016,1.42
3/1/2016,1.48
3/2/2016,1.51
3/3/2016,1.53
3/4/2016,1.51
3/7/2016,1.48
3/8/2016,1.46
3/9/2016,1.51
3/10/2016,1.48
3/11/2016,1.54
3/14/2016,1.52
3/15/2016,1.5
3/16/2016,1.58
3/17/2016,1.57
3/18/2016,1.61
3/21/2016,1.64
3/22/2016,1.63
3/23/2016,1.58
3/24/2016,1.57
3/25/2016,.
3/28/2016,1.56
3/29/2016,1.61
3/30/2016,1.65
3/31/2016,1.62
4/1/2016,1.62
4/4/2016,1.64
4/5/2016,1.59
4/6/2016,1.59
4/7/2016,1.58
4/8/2016,1.58
4/11/2016,1.56
4/12/2016,1.57
4/13/2016,1.56
4/14/2016,1.56
4/15/2016,1.56
4/18/2016,1.57
4/19/2016,1.6
4/20/2016,1.62
4/21/2016,1.64
4/22/2016,1.64
4/25/2016,1.65
4/26/2016,1.67
4/27/2016,1.68
4/28/2016,1.72
4/29/2016,1.71
5/2/2016,1.68
5/3/2016,1.64
5/4/2016,1.63
5/5/2016,1.63
5/6/2016,1.61
5/9/2016,1.59
5/10/2016,1.62
5/11/2016,1.59
5/12/2016,1.6
5/13/2016,1.58
5/16/2016,1.6
5/17/2016,1.61
5/18/2016,1.61
5/19/2016,1.56
5/20/2016,1.56
5/23/2016,1.54
5/24/2016,1.55
5/25/2016,1.58
5/26/2016,1.58
5/27/2016,1.58
5/30/2016,.
5/31/2016,1.54
6/1/2016,1.54
6/2/2016,1.54
6/3/2016,1.52
6/6/2016,1.54
6/7/2016,1.57
6/8/2016,1.59
6/9/2016,1.56
6/10/2016,1.52
6/13/2016,1.47
6/14/2016,1.45
6/15/2016,1.47
6/16/2016,1.42
6/17/2016,1.42
6/20/2016,1.43
6/21/2016,1.43
6/22/2016,1.44
6/23/2016,1.5
6/24/2016,1.42
6/27/2016,1.34
6/28/2016,1.37
6/29/2016,1.4
6/30/2016,1.4
7/1/2016,1.43
7/4/2016,.
7/5/2016,1.4
7/6/2016,1.43
7/7/2016,1.43
7/8/2016,1.43
7/11/2016,1.42
7/12/2016,1.46
7/13/2016,1.45
7/14/2016,1.45
7/15/2016,1.49
7/18/2016,1.49
7/19/2016,1.44
7/20/2016,1.46
7/21/2016,1.52
7/22/2016,1.51
7/25/2016,1.5
7/26/2016,1.5
7/27/2016,1.49
7/28/2016,1.52
7/29/2016,1.49
8/1/2016,1.46
8/2/2016,1.44
8/3/2016,1.46
8/4/2016,1.47
8/5/2016,1.5
8/8/2016,1.51
8/9/2016,1.49
8/10/2016,1.44
8/11/2016,1.47
8/12/2016,1.44
8/15/2016,1.45
8/16/2016,1.44
8/17/2016,1.47
8/18/2016,1.47
8/19/2016,1.48
8/22/2016,1.47
8/23/2016,1.48
8/24/2016,1.48
8/25/2016,1.49
8/26/2016,1.47
8/29/2016,1.46
8/30/2016,1.46
8/31/2016,1.47
9/1/2016,1.45
9/2/2016,1.47
9/5/2016,.
9/6/2016,1.49
9/7/2016,1.51
9/8/2016,1.52
9/9/2016,1.5
9/12/2016,1.51
9/13/2016,1.49
9/14/2016,1.49
9/15/2016,1.49
9/16/2016,1.51
9/19/2016,1.5
9/20/2016,1.49
9/21/2016,1.51
9/22/2016,1.55
9/23/2016,1.57
9/26/2016,1.54
9/27/2016,1.52
9/28/2016,1.56
9/29/2016,1.54
9/30/2016,1.6
10/3/2016,1.63
10/4/2016,1.62
10/5/2016,1.62
10/6/2016,1.64
10/7/2016,1.63
10/10/2016,.
10/11/2016,1.64
10/12/2016,1.64
10/13/2016,1.63
10/14/2016,1.67
10/17/2016,1.68
10/18/2016,1.66
10/19/2016,1.68
10/20/2016,1.68
10/21/2016,1.67
10/24/2016,1.66
10/25/2016,1.7
10/26/2016,1.71
10/27/2016,1.72
10/28/2016,1.73
10/31/2016,1.73
11/1/2016,1.72
11/2/2016,1.7
11/3/2016,1.68
11/4/2016,1.68
11/7/2016,1.71
11/8/2016,1.73
11/9/2016,1.82
11/10/2016,1.88
11/11/2016,.
11/14/2016,1.83
11/15/2016,1.82
11/16/2016,1.83
11/17/2016,1.87
11/18/2016,1.9
11/21/2016,1.91
11/22/2016,1.9
11/23/2016,1.92
11/24/2016,.
11/25/2016,1.89
11/28/2016,1.85
11/29/2016,1.86
11/30/2016,1.94
12/1/2016,1.97
12/2/2016,1.91
12/5/2016,1.94
12/6/2016,1.95
12/7/2016,1.92
12/8/2016,1.95
12/9/2016,1.96
12/12/2016,1.98
12/13/2016,1.95
12/14/2016,1.94
12/15/2016,1.9
12/16/2016,1.86
12/19/2016,1.86
12/20/2016,1.9
12/21/2016,1.91
12/22/2016,1.95
12/23/2016,1.97
12/26/2016,.
12/27/2016,1.99
12/28/2016,1.95
12/29/2016,1.94
12/30/2016,1.95
1/2/2017,.
1/3/2017,1.98
1/4/2017,1.99
1/5/2017,1.95
1/6/2017,1.96
1/9/2017,1.95
1/10/2017,1.95
1/11/2017,1.99
1/12/2017,1.98
1/13/2017,1.99
1/16/2017,.
1/17/2017,1.97
1/18/2017,2
1/19/2017,2.04
1/20/2017,2.04
1/23/2017,2.02
1/24/2017,2.06
1/25/2017,2.08
1/26/2017,2.08
1/27/2017,2.08
1/30/2017,2.07
1/31/2017,2.05
2/1/2017,2.05
2/2/2017,2.05
2/3/2017,2.05
2/6/2017,2.02
2/7/2017,2
2/8/2017,1.96
2/9/2017,1.99
2/10/2017,2.01
2/13/2017,2
2/14/2017,2.01
2/15/2017,2.06
2/16/2017,2.02
2/17/2017,2.01
2/20/2017,.
2/21/2017,2.03
2/22/2017,2.04
2/23/2017,2.03
2/24/2017,2
2/27/2017,2.01
2/28/2017,2.02
3/1/2017,2.03
3/2/2017,2.01
3/3/2017,2.04
3/6/2017,2.01
3/7/2017,2.03
3/8/2017,2.01
3/9/2017,2
3/10/2017,2.01
3/13/2017,2.01
3/14/2017,1.99
3/15/2017,2.01
3/16/2017,2.02
3/17/2017,2.01
3/20/2017,2
3/21/2017,1.98
3/22/2017,1.97
3/23/2017,1.95
3/24/2017,1.98
3/27/2017,1.97
3/28/2017,1.97
3/29/2017,1.98
3/30/2017,1.96
3/31/2017,1.97
4/3/2017,1.96
4/4/2017,1.96
4/5/2017,1.97
4/6/2017,1.95
4/7/2017,1.94
4/10/2017,1.93
4/11/2017,1.91
4/12/2017,1.9
4/13/2017,1.92
4/14/2017,.
4/17/2017,1.88
4/18/2017,1.85
4/19/2017,1.85
4/20/2017,1.85
4/21/2017,1.84
4/24/2017,1.87
4/25/2017,1.91
4/26/2017,1.9
4/27/2017,1.91
4/28/2017,1.92
5/1/2017,1.92
5/2/2017,1.88
5/3/2017,1.87
5/4/2017,1.86
5/5/2017,1.86
5/8/2017,1.86
5/9/2017,1.86
5/10/2017,1.85
5/11/2017,1.88
5/12/2017,1.84
5/15/2017,1.82
5/16/2017,1.82
5/17/2017,1.78
5/18/2017,1.8
5/19/2017,1.82
5/22/2017,1.82
5/23/2017,1.83
5/24/2017,1.81
5/25/2017,1.8
5/26/2017,1.81
5/29/2017,.
5/30/2017,1.81
5/31/2017,1.81
6/1/2017,1.81
6/2/2017,1.79
6/5/2017,1.79
6/6/2017,1.77
6/7/2017,1.78
6/8/2017,1.78
6/9/2017,1.78
6/12/2017,1.75
6/13/2017,1.75
6/14/2017,1.71
6/15/2017,1.67
6/16/2017,1.67
6/19/2017,1.67
6/20/2017,1.66
6/21/2017,1.66
6/22/2017,1.69
6/23/2017,1.7
6/26/2017,1.71
6/27/2017,1.71
6/28/2017,1.73
6/29/2017,1.72
6/30/2017,1.73
7/3/2017,1.75
7/4/2017,.
7/5/2017,1.75
7/6/2017,1.76
7/7/2017,1.73
7/10/2017,1.72
7/11/2017,1.75
7/12/2017,1.76
7/13/2017,1.77
7/14/2017,1.76
7/17/2017,1.77
7/18/2017,1.76
7/19/2017,1.76
7/20/2017,1.77
7/21/2017,1.76
7/24/2017,1.78
7/25/2017,1.81
7/26/2017,1.8
7/27/2017,1.83
7/28/2017,1.83
7/31/2017,1.82
8/1/2017,1.79
8/2/2017,1.79
8/3/2017,1.78
8/4/2017,1.8
8/7/2017,1.8
8/8/2017,1.83
8/9/2017,1.82
8/10/2017,1.8
8/11/2017,1.79
8/14/2017,1.77
8/15/2017,1.78
8/16/2017,1.78
8/17/2017,1.77
8/18/2017,1.76
8/21/2017,1.75
8/22/2017,1.77
8/23/2017,1.75
8/24/2017,1.75
8/25/2017,1.75
8/28/2017,1.75
8/29/2017,1.74
8/30/2017,1.76
8/31/2017,1.76
9/1/2017,1.79
9/4/2017,.
9/5/2017,1.77
9/6/2017,1.78
9/7/2017,1.79
9/8/2017,1.81
9/11/2017,1.83
9/12/2017,1.84
9/13/2017,1.85
9/14/2017,1.85
9/15/2017,1.85
9/18/2017,1.87
9/19/2017,1.87
9/20/2017,1.85
9/21/2017,1.83
9/22/2017,1.84
9/25/2017,1.84
9/26/2017,1.84
9/27/2017,1.87
9/28/2017,1.87
9/29/2017,1.84
10/2/2017,1.83
10/3/2017,1.84
10/4/2017,1.85
10/5/2017,1.86
10/6/2017,1.87
10/9/2017,.
10/10/2017,1.88
10/11/2017,1.89
10/12/2017,1.89
10/13/2017,1.85
10/16/2017,1.84
10/17/2017,1.82
10/18/2017,1.84
10/19/2017,1.84
10/20/2017,1.87
10/23/2017,1.86
10/24/2017,1.87
10/25/2017,1.88
10/26/2017,1.89
10/27/2017,1.88
10/30/2017,1.87
10/31/2017,1.88
11/1/2017,1.88
11/2/2017,1.87
11/3/2017,1.86
11/6/2017,1.86
11/7/2017,1.88
11/8/2017,1.87
11/9/2017,1.87
11/10/2017,1.88
11/13/2017,1.88
11/14/2017,1.87
11/15/2017,1.85
11/16/2017,1.84
11/17/2017,1.86
11/20/2017,1.85
11/21/2017,1.84
11/22/2017,1.84
11/23/2017,.
11/24/2017,1.84
11/27/2017,1.83
11/28/2017,1.84
11/29/2017,1.84
11/30/2017,1.86
12/1/2017,1.86
12/4/2017,1.87
12/5/2017,1.86
12/6/2017,1.86
12/7/2017,1.87
12/8/2017,1.88
12/11/2017,1.88
12/12/2017,1.89
12/13/2017,1.88
12/14/2017,1.87
12/15/2017,1.88
12/18/2017,1.89
12/19/2017,1.91
12/20/2017,1.92
12/21/2017,1.93
12/22/2017,1.94
12/25/2017,.
12/26/2017,1.94
12/27/2017,1.94
12/28/2017,1.96
12/29/2017,1.96
1/1/2018,.
1/2/2018,2
1/3/2018,1.98
1/4/2018,2.01
1/5/2018,2.01
1/8/2018,2.02
1/9/2018,2.03
1/10/2018,2.03
1/11/2018,2
1/12/2018,2.01
1/15/2018,.
1/16/2018,2.03
1/17/2018,2.04
1/18/2018,2.05
1/19/2018,2.06
1/22/2018,2.06
1/23/2018,2.06
1/24/2018,2.07
1/25/2018,2.07
1/26/2018,2.09
1/29/2018,2.09
1/30/2018,2.1
1/31/2018,2.11
2/1/2018,2.11
2/2/2018,2.14
2/5/2018,2.1
2/6/2018,2.1
2/7/2018,2.1
2/8/2018,2.09
2/9/2018,2.05
2/12/2018,2.07
2/13/2018,2.05
2/14/2018,2.09
2/15/2018,2.11
2/16/2018,2.09
2/19/2018,.
2/20/2018,2.1
2/21/2018,2.12
2/22/2018,2.11
2/23/2018,2.12
2/26/2018,2.13
2/27/2018,2.13
2/28/2018,2.12
3/1/2018,2.1
3/2/2018,2.12
3/5/2018,2.13
3/6/2018,2.12
3/7/2018,2.13
3/8/2018,2.11
3/9/2018,2.12
3/12/2018,2.1
3/13/2018,2.09
3/14/2018,2.07
3/15/2018,2.08
3/16/2018,2.08
3/19/2018,2.08
3/20/2018,2.08
3/21/2018,2.09
3/22/2018,2.08
3/23/2018,2.07
3/26/2018,2.08
3/27/2018,2.07
3/28/2018,2.05
3/29/2018,2.05
3/30/2018,.
4/2/2018,2.05
4/3/2018,2.08
4/4/2018,2.08
4/5/2018,2.08
4/6/2018,2.07
4/9/2018,2.07
4/10/2018,2.08
4/11/2018,2.11
4/12/2018,2.13
4/13/2018,2.13
4/16/2018,2.12
4/17/2018,2.14
4/18/2018,2.16
4/19/2018,2.17
4/20/2018,2.17
4/23/2018,2.18
4/24/2018,2.17
4/25/2018,2.17
4/26/2018,2.18
4/27/2018,2.17
4/30/2018,2.17
5/1/2018,2.16
5/2/2018,2.17
5/3/2018,2.16
5/4/2018,2.16
5/7/2018,2.17
5/8/2018,2.16
5/9/2018,2.18
5/10/2018,2.17
5/11/2018,2.15
5/14/2018,2.15
5/15/2018,2.18
5/16/2018,2.17
5/17/2018,2.16
5/18/2018,2.15
5/21/2018,2.16
5/22/2018,2.15
5/23/2018,2.14
5/24/2018,2.12
5/25/2018,2.09
5/28/2018,.
5/29/2018,2.04
5/30/2018,2.06
5/31/2018,2.07
6/1/2018,2.09
6/4/2018,2.12
6/5/2018,2.13
6/6/2018,2.14
6/7/2018,2.13
6/8/2018,2.11
6/11/2018,2.13
6/12/2018,2.13
6/13/2018,2.12
6/14/2018,2.12
6/15/2018,2.12
6/18/2018,2.12
6/19/2018,2.12
6/20/2018,2.12
6/21/2018,2.11
6/22/2018,2.12
6/25/2018,2.1
6/26/2018,2.12
6/27/2018,2.11
6/28/2018,2.1
6/29/2018,2.11
7/2/2018,2.14
7/3/2018,2.12
7/4/2018,.
7/5/2018,2.13
7/6/2018,2.12
7/9/2018,2.13
7/10/2018,2.13
7/11/2018,2.11
7/12/2018,2.1
7/13/2018,2.11
7/16/2018,2.1
7/17/2018,2.09
7/18/2018,2.09
7/19/2018,2.09
7/20/2018,2.11
7/23/2018,2.11
7/24/2018,2.11
7/25/2018,2.13
7/26/2018,2.11
7/27/2018,2.12
7/30/2018,2.13
7/31/2018,2.12
8/1/2018,2.13
8/2/2018,2.12
8/3/2018,2.12
8/6/2018,2.11
8/7/2018,2.13
8/8/2018,2.11
8/9/2018,2.11
8/10/2018,2.09
8/13/2018,2.1
8/14/2018,2.09
8/15/2018,2.08
8/16/2018,2.08
8/17/2018,2.08
8/20/2018,2.07
8/21/2018,2.08
8/22/2018,2.08
8/23/2018,2.09
8/24/2018,2.09
8/27/2018,2.11
8/28/2018,2.11
8/29/2018,2.12
8/30/2018,2.1
8/31/2018,2.08
9/3/2018,.
9/4/2018,2.1
9/5/2018,2.09
9/6/2018,2.08
9/7/2018,2.1
9/10/2018,2.1
9/11/2018,2.12
9/12/2018,2.12
9/13/2018,2.1
9/14/2018,2.1
9/17/2018,2.1
9/18/2018,2.13
9/19/2018,2.15
9/20/2018,2.15
9/21/2018,2.15
9/24/2018,2.16
9/25/2018,2.16
9/26/2018,2.14
9/27/2018,2.15
9/28/2018,2.14
10/1/2018,2.14
10/2/2018,2.12
10/3/2018,2.16
10/4/2018,2.16
10/5/2018,2.16
10/8/2018,.
10/9/2018,2.17
10/10/2018,2.16
10/11/2018,2.12
10/12/2018,2.12
10/15/2018,2.13
10/16/2018,2.13
10/17/2018,2.13
10/18/2018,2.1
10/19/2018,2.11
10/22/2018,2.11
10/23/2018,2.09
10/24/2018,2.07
10/25/2018,2.05
10/26/2018,2.06
10/29/2018,2.06
10/30/2018,2.05
10/31/2018,2.05
11/1/2018,2.02
11/2/2018,2.06
11/5/2018,2.06
11/6/2018,2.07
11/7/2018,2.07
11/8/2018,2.07
11/9/2018,2.04
11/12/2018,.
11/13/2018,2.02
11/14/2018,2
11/15/2018,2
11/16/2018,2.02
11/19/2018,1.99
11/20/2018,1.97
11/21/2018,1.97
11/22/2018,.
11/23/2018,1.96
11/26/2018,1.96
11/27/2018,1.91
11/28/2018,1.94
11/29/2018,1.98
11/30/2018,1.97
12/3/2018,1.96
12/4/2018,1.94
12/5/2018,.
12/6/2018,1.9
12/7/2018,1.89
12/10/2018,1.86
12/11/2018,1.83
12/12/2018,1.83
12/13/2018,1.83
12/14/2018,1.82
12/17/2018,1.81
12/18/2018,1.81
12/19/2018,1.8
12/20/2018,1.76
12/21/2018,1.77
12/24/2018,1.75
12/25/2018,.
12/26/2018,1.77
12/27/2018,1.74
12/28/2018,1.73
12/31/2018,1.71
1/1/2019,.
1/2/2019,1.7
1/3/2019,1.68
1/4/2019,1.76
1/7/2019,1.78
1/8/2019,1.82
1/9/2019,1.83
1/10/2019,1.81
1/11/2019,1.83
1/14/2019,1.81
1/15/2019,1.81
1/16/2019,1.82
1/17/2019,1.79
1/18/2019,1.83
1/21/2019,.
1/22/2019,1.79
1/23/2019,1.8
1/24/2019,1.77
1/25/2019,1.79
1/28/2019,1.78
1/29/2019,1.78
1/30/2019,1.84
1/31/2019,1.85
2/1/2019,1.88
2/4/2019,1.87
2/5/2019,1.87
2/6/2019,1.86
2/7/2019,1.84
2/8/2019,1.82
2/11/2019,1.82
2/12/2019,1.83
2/13/2019,1.86
2/14/2019,1.85
2/15/2019,1.86
2/18/2019,.
2/19/2019,1.87
2/20/2019,1.89
2/21/2019,1.91
2/22/2019,1.91
2/25/2019,1.92
2/26/2019,1.92
2/27/2019,1.93
2/28/2019,1.95
3/1/2019,1.96
3/4/2019,1.94
3/5/2019,1.93
3/6/2019,1.91
3/7/2019,1.9
3/8/2019,1.9
3/11/2019,1.91
3/12/2019,1.9
3/13/2019,1.92
3/14/2019,1.94
3/15/2019,1.94
3/18/2019,1.96
3/19/2019,1.95
3/20/2019,1.96
3/21/2019,1.96
3/22/2019,1.9
3/25/2019,1.88
3/26/2019,1.86
3/27/2019,1.84
3/28/2019,1.83
3/29/2019,1.88
4/1/2019,1.9
4/2/2019,1.9
4/3/2019,1.91
4/4/2019,1.9
4/5/2019,1.9
4/8/2019,1.91
4/9/2019,1.91
4/10/2019,1.94
4/11/2019,1.94
4/12/2019,1.95
4/15/2019,1.94
4/16/2019,1.96
4/17/2019,1.94
4/18/2019,1.95
4/19/2019,.
4/22/2019,1.95
4/23/2019,1.95
4/24/2019,1.96
4/25/2019,1.98
4/26/2019,1.97
4/29/2019,1.96
4/30/2019,1.95
5/1/2019,1.93
5/2/2019,1.89
5/3/2019,1.91
5/6/2019,1.91
5/7/2019,1.87
5/8/2019,1.87
5/9/2019,1.85
5/10/2019,1.88
5/13/2019,1.85
5/14/2019,1.86
5/15/2019,1.83
5/16/2019,1.84
5/17/2019,1.81
5/20/2019,1.81
5/21/2019,1.83
5/22/2019,1.79
5/23/2019,1.73
5/24/2019,1.76
5/27/2019,.
5/28/2019,1.73
5/29/2019,1.75
5/30/2019,1.74
5/31/2019,1.74
6/3/2019,1.73
6/4/2019,1.74
6/5/2019,1.75
6/6/2019,1.73
6/7/2019,1.74
6/10/2019,1.73
6/11/2019,1.72
6/12/2019,1.71
6/13/2019,1.68
6/14/2019,1.63
6/17/2019,1.61
6/18/2019,1.64
6/19/2019,1.67
6/20/2019,1.74
6/21/2019,1.73
6/24/2019,1.71
6/25/2019,1.67
6/26/2019,1.7
6/27/2019,1.68
6/28/2019,1.69
7/1/2019,1.69
7/2/2019,1.65
7/3/2019,1.65
7/4/2019,.
7/5/2019,1.69
7/8/2019,1.7
7/9/2019,1.71
7/10/2019,1.74
7/11/2019,1.77
7/12/2019,1.77
7/15/2019,1.77
7/16/2019,1.8
7/17/2019,1.75
7/18/2019,1.79
7/19/2019,1.8
7/22/2019,1.79
7/23/2019,1.81
7/24/2019,1.79
7/25/2019,1.8
7/26/2019,1.78
7/29/2019,1.77
7/30/2019,1.78
7/31/2019,1.76
8/1/2019,1.7
8/2/2019,1.66
8/5/2019,1.6
8/6/2019,1.62
8/7/2019,1.62
8/8/2019,1.65
8/9/2019,1.66
8/12/2019,1.61
8/13/2019,1.63
8/14/2019,1.57
8/15/2019,1.54
8/16/2019,1.54
8/19/2019,1.56
8/20/2019,1.53
8/21/2019,1.54
8/22/2019,1.55
8/23/2019,1.54
8/26/2019,1.54
8/27/2019,1.55
8/28/2019,1.55
8/29/2019,1.59
8/30/2019,1.55
9/2/2019,.
9/3/2019,1.5
9/4/2019,1.51
9/5/2019,1.56
9/6/2019,1.54
9/9/2019,1.57
9/10/2019,1.6
9/11/2019,1.6
9/12/2019,1.63
9/13/2019,1.67
9/16/2019,1.67
9/17/2019,1.66
9/18/2019,1.59
9/19/2019,1.61
9/20/2019,1.61
9/23/2019,1.61
9/24/2019,1.58
9/25/2019,1.6
9/26/2019,1.57
9/27/2019,1.53
9/30/2019,1.53
10/1/2019,1.52
10/2/2019,1.5
10/3/2019,1.48
10/4/2019,1.5
10/7/2019,1.51
10/8/2019,1.48
10/9/2019,1.49
10/10/2019,1.52
10/11/2019,1.56
10/14/2019,.
10/15/2019,1.56
10/16/2019,1.57
10/17/2019,1.59
10/18/2019,1.6
10/21/2019,1.61
10/22/2019,1.61
10/23/2019,1.61
10/24/2019,1.62
10/25/2019,1.65
10/28/2019,1.64
10/29/2019,1.61
10/30/2019,1.57
10/31/2019,1.54
11/1/2019,1.59
11/4/2019,1.64
11/5/2019,1.68
11/6/2019,1.66
11/7/2019,1.69
11/8/2019,1.71
11/11/2019,.
11/12/2019,1.7
11/13/2019,1.66
11/14/2019,1.62
11/15/2019,1.63
11/18/2019,1.63
11/19/2019,1.63
11/20/2019,1.6
11/21/2019,1.63
11/22/2019,1.62
11/25/2019,1.62
11/26/2019,1.62
11/27/2019,1.63
11/28/2019,.
11/29/2019,1.61
12/2/2019,1.65
12/3/2019,1.63
12/4/2019,1.66
12/5/2019,1.67
12/6/2019,1.69
12/9/2019,1.69
12/10/2019,1.71
12/11/2019,1.69
12/12/2019,1.72
12/13/2019,1.7
12/16/2019,1.73
12/17/2019,1.75
12/18/2019,1.76
12/19/2019,1.77
12/20/2019,1.77
12/23/2019,1.75
12/24/2019,1.75
12/25/2019,.
12/26/2019,1.74
12/27/2019,1.73
12/30/2019,1.75
12/31/2019,1.77
1/1/2020,.
1/2/2020,1.8
1/3/2020,1.77
1/6/2020,1.75
1/7/2020,1.74
1/8/2020,1.75
1/9/2020,1.74
1/10/2020,1.76
1/13/2020,1.77
1/14/2020,1.77
1/15/2020,1.75
1/16/2020,1.74
1/17/2020,1.75
1/20/2020,.
1/21/2020,1.74
1/22/2020,1.72
1/23/2020,1.7
1/24/2020,1.68
1/27/2020,1.63
1/28/2020,1.65
1/29/2020,1.64
1/30/2020,1.64
1/31/2020,1.65
2/3/2020,1.63
2/4/2020,1.64
2/5/2020,1.66
2/6/2020,1.67
2/7/2020,1.66
2/10/2020,1.66
2/11/2020,1.65
2/12/2020,1.66
2/13/2020,1.67
2/14/2020,1.66
2/17/2020,.
2/18/2020,1.65
2/19/2020,1.65
2/20/2020,1.63
2/21/2020,1.61
2/24/2020,1.59
2/25/2020,1.53
2/26/2020,1.54
2/27/2020,1.53
2/28/2020,1.41
3/2/2020,1.41
3/3/2020,1.45
3/4/2020,1.46
3/5/2020,1.4
3/6/2020,1.31
3/9/2020,0.99
3/10/2020,1
3/11/2020,0.96
3/12/2020,0.92
3/13/2020,0.9
3/16/2020,0.73
3/17/2020,0.63
3/18/2020,0.63
3/19/2020,0.5
3/20/2020,0.75
3/23/2020,0.8
3/24/2020,0.97
3/25/2020,1.07
3/26/2020,1.07
3/27/2020,0.94
3/30/2020,0.95
3/31/2020,0.87
4/1/2020,0.91
4/2/2020,1.03
4/3/2020,1.08
4/6/2020,1.14
4/7/2020,1.17
4/8/2020,1.19
4/9/2020,1.23
4/10/2020,.
4/13/2020,1.26
4/14/2020,1.29
4/15/2020,1.19
4/16/2020,1.03
4/17/2020,1.01
4/20/2020,0.94
4/21/2020,0.96
4/22/2020,1.06
4/23/2020,1.05
4/24/2020,1.11
4/27/2020,1.17
4/28/2020,1.14
4/29/2020,1.14
4/30/2020,1.07
5/1/2020,1.06
5/4/2020,1.07
5/5/2020,1.1
5/6/2020,1.1
5/7/2020,1.08
5/8/2020,1.12
5/11/2020,1.13
5/12/2020,1.09
5/13/2020,1.07
5/14/2020,1.06
5/15/2020,1.09
5/18/2020,1.17
5/19/2020,1.15
5/20/2020,1.16
5/21/2020,1.14
5/22/2020,1.12
5/25/2020,.
5/26/2020,1.13
5/27/2020,1.14
5/28/2020,1.18
5/29/2020,1.15
6/1/2020,1.18
6/2/2020,1.18
6/3/2020,1.21
6/4/2020,1.22
6/5/2020,1.27
6/8/2020,1.28
6/9/2020,1.26
6/10/2020,1.27
6/11/2020,1.21
6/12/2020,1.21
6/15/2020,1.23
6/16/2020,1.27
6/17/2020,1.26
6/18/2020,1.28
6/19/2020,1.3
6/22/2020,1.34
6/23/2020,1.38
6/24/2020,1.33
6/25/2020,1.33
6/26/2020,1.32
6/29/2020,1.34
6/30/2020,1.34
7/1/2020,1.37
7/2/2020,1.41
7/3/2020,.
7/6/2020,1.45
7/7/2020,1.43
7/8/2020,1.42
7/9/2020,1.39
7/10/2020,1.41
7/13/2020,1.42
7/14/2020,1.41
7/15/2020,1.41
7/16/2020,1.41
7/17/2020,1.46
7/20/2020,1.46
7/21/2020,1.48
7/22/2020,1.48
7/23/2020,1.49
7/24/2020,1.51
7/27/2020,1.52
7/28/2020,1.51
7/29/2020,1.53
7/30/2020,1.52
7/31/2020,1.55
8/3/2020,1.58
8/4/2020,1.57
8/5/2020,1.61
8/6/2020,1.63
8/7/2020,1.61
8/10/2020,1.61
8/11/2020,1.63
8/12/2020,1.67
8/13/2020,1.67
8/14/2020,1.65
8/17/2020,1.66
8/18/2020,1.68
8/19/2020,1.67
8/20/2020,1.62
8/21/2020,1.64
8/24/2020,1.67
8/25/2020,1.7
8/26/2020,1.72
8/27/2020,1.73
8/28/2020,1.77
8/31/2020,1.8
9/1/2020,1.76
9/2/2020,1.73
9/3/2020,1.65
9/4/2020,1.7
9/7/2020,.
9/8/2020,1.68
9/9/2020,1.71
9/10/2020,1.69
9/11/2020,1.65
9/14/2020,1.65
9/15/2020,1.67
9/16/2020,1.68
9/17/2020,1.66
9/18/2020,1.67
9/21/2020,1.62
9/22/2020,1.62
9/23/2020,1.6
9/24/2020,1.58
9/25/2020,1.58
9/28/2020,1.61
9/29/2020,1.64
9/30/2020,1.63
10/1/2020,1.63
10/2/2020,1.64
10/5/2020,1.68
10/6/2020,1.66
10/7/2020,1.71
10/8/2020,1.72
10/9/2020,1.73
10/12/2020,.
10/13/2020,1.7
10/14/2020,1.69
10/15/2020,1.69
10/16/2020,1.71
10/19/2020,1.71
10/20/2020,1.72
10/21/2020,1.74
10/22/2020,1.76
10/23/2020,1.75
10/26/2020,1.72
10/27/2020,1.71
10/28/2020,1.7
10/29/2020,1.71
10/30/2020,1.7
11/2/2020,1.71
11/3/2020,1.72
11/4/2020,1.64
11/5/2020,1.66
11/6/2020,1.65
11/9/2020,1.73
11/10/2020,1.76
11/11/2020,.
11/12/2020,1.71
11/13/2020,1.72
11/16/2020,1.72
11/17/2020,1.7
11/18/2020,1.7
11/19/2020,1.7
11/20/2020,1.69
11/23/2020,1.71
11/24/2020,1.74
11/25/2020,1.75
11/26/2020,.
11/27/2020,1.75
11/30/2020,1.77
12/1/2020,1.81
12/2/2020,1.85
12/3/2020,1.86
12/4/2020,1.89
12/7/2020,1.88
12/8/2020,1.89
12/9/2020,1.91
12/10/2020,1.88
12/11/2020,1.87
12/14/2020,1.88
12/15/2020,1.91
12/16/2020,1.92
12/17/2020,1.94
12/18/2020,1.95
12/21/2020,1.95
12/22/2020,1.94
12/23/2020,1.97
12/24/2020,1.97
12/25/2020,.
12/28/2020,1.97
12/29/2020,1.96
12/30/2020,1.96
12/31/2020,1.99
